Structure,Point,Easting,Northing,GL (mOD),Depth (m)
Box,A,51.51345104,-0.149680902,24,30
Box,B,51.51325073,-0.149600436,24,30
Box,C,51.51337759,-0.148836006,24,30
Box,D,51.51359459,-0.148919155,24,30
