Tunnel,Setting Out Points,Easting,Northing,Elevation (mOD),GL (mOD),diameter (m)
T1,SOP1,51.51349444,-0.148830642,0,24,9.5
T1,SOP2,51.51407427,-0.146301333,0,25,9.5
T1,SOP3,51.51401418,-0.144252125,0,23,9.5
